{
    "execlog_dir": ".",
    "ground_pressure": 102250,

    "servo_lim": [100, 120],
    "servo_pin": "P8_13",
    "duty_cyle": [14.5, 3],

    "look_up_coeff": {
        "P00": -781536.384794701,
        "P10": 8623.59011973048,
        "P01": 643.65918253,
        "P20": -34.3646691281487,
        "P11": -5.46066535343611,
        "P02": -0.177121900557321,
        "P30": 0.0573287698655951,
        "P21": 0.0150031142038895,
        "P12": 0.00101871763126609,
        "P03": 1.63862900553892e-05,
        "P40": -3.21785828407871e-05,
        "P31": -1.3161091180883e-05,
        "P22": -1.42505256569339e-06,
        "P13": -4.76209793830867e-08
    },
    "kalman_filter": {
        "H": [[1.0, 0.0]],
        "Q": [[0.01, 0.0], [0.0, 0.1]],
        "R": 0.1
    },
    "state_update_criteria": {
        "boost_acce_thres": 3,
        "boost_alti_thres": 20,
        "coast_acce_thres": 0.5,
        "apoge_alti_detec": 3,
        "desct_alti_thres": 200,
        "boost_time_limit": 8,
        "coast_time_limit": 25,
        "abort_time_limit": 120
    }
}